{"cameraMode":{"drawMode":0,"name":"Shaded","section":"Shading Mode"},"sceneLighting":true,"audioPlay":false,"sceneViewState":{"m_AlwaysRefresh":false,"showFog":true,"showSkybox":true,"showFlares":true,"showImageEffects":true,"showParticleSystems":true,"showVisualEffectGraphs":true,"m_FxEnabled":true},"in2DMode":false,"pivot":{"x":-13.171698570251465,"y":-3.1675939559936525,"z":-23.60431480407715},"rotation":{"x":0.03411586955189705,"y":-0.9575939774513245,"z":0.12776800990104676,"w":0.25668126344680788},"size":18.66163444519043,"orthographic":false}